<?xml version="1.0" encoding="UTF-8"?>
<?exampletarget example data?>
<!DOCTYPE foobar:DeveloperLibrary SYSTEM "xmlexample.dtd"> 
<foobar:DeveloperLibrary xmlns:foobar="http://nokia.com/">
	<foobar:foo>&unknown;</foobar:foo>
	<foobar:file type="xml">XmlExample.xml</foobar:file> 
	<foobar:SysDoc_Example>
	This file shows XML file parsing using the Symbian platform XML parser framework.
	</foobar:SysDoc_Example>
	<foobar:Company_Copyright>
	Copyright (c) 2007-2009 Nokia Corporation and/or its subsidiary(-ies). All rights reserved.
	</foobar:Company_Copyright>
	<foobar:Message_1>
	Happy programming to all
	</foobar:Message_1>	
</foobar:DeveloperLibrary>
